{
  "name": "jquery.html5loader",
  "version": "1.8.0",
  "main": "src/jquery.html5Loader.js",
  "ignore": [
    "**/.*",
    "node_modules",
    "components",
    "files",
    "examples",
    "lib",
    "test"
  ],
  "homepage": "https://github.com/GianlucaGuarini/jquery.html5loader",
  "_release": "1.8.0",
  "_resolution": {
    "type": "version",
    "tag": "v1.8.0",
    "commit": "ea38fb0c7a863bb4062f3bdbd79459cbd627a0c2"
  },
  "_source": "https://github.com/GianlucaGuarini/jquery.html5loader.git",
  "_target": "^1.8.0",
  "_originalSource": "jquery.html5loader",
  "_direct": true
}